,MTSClean,MTSCleanSoft
0.4,96.29354643821716,109.30246305465698
