,MTSClean,MTSCleanSoft
0.4,0.7904999866558113,0.5737705319157962
