,MTSClean,MTSCleanSoft
0.4,0.012898845071257839,0.022726774281466466
