,MTSClean,MTSCleanSoft
0.4,0.21294615849969753,0.34966727162734423
