,MTSClean,MTSCleanSoft
0.4,0.5668003207698477,0.7660930528999362
